old_path,canonical_path,legacy_backup,decision
memory,intelligence/knowledge_memory/legacy_daily_memory,legacy_readonly/V111_8_pre_final_cover/memory,single_source_canonical_with_compat_shims
governance/audit,governance/evidence_gate/audit,legacy_readonly/V111_8_pre_final_cover/governance/audit,single_source_canonical_with_compat_shims
approvals,governance/evidence_gate/approvals,legacy_readonly/V111_8_pre_final_cover/approvals,single_source_canonical_with_compat_shims
orchestration/router,orchestration/skill_runtime/router,legacy_readonly/V111_8_pre_final_cover/orchestration/router,single_source_canonical_with_compat_shims
orchestration/workflow,execution/task_runtime/workflow,legacy_readonly/V111_8_pre_final_cover/orchestration/workflow,single_source_canonical_with_compat_shims
orchestration/workflows,execution/task_runtime/workflows,legacy_readonly/V111_8_pre_final_cover/orchestration/workflows,single_source_canonical_with_compat_shims
infrastructure/optimization/performance/performance_monitor.py,infrastructure/monitoring/performance_monitor.py,,created_missing_canonical_target
platform/capability_registry,platform_layer/capability_registry,legacy_readonly/V111_8_pre_final_cover/platform/capability_registry,removed_stdlib_shadow_risk_old_copy
archive/runtime_backups/.repair_state/v92_contract_hotfix_20260501_150210/memory_context/preference_evolution_model_v7.py,evolution_lab/capability_lifecycle/preference_evolution/preference_evolution_model_v7.py,,recovered_real_implementation_from_runtime_backup
